Localité,TYPE_POINT,FONCTIONNE,COMITE_GES,RESID_ART_,LOCALISATI,ANNEE_IN_1,lon,lat,PREF_NOM,SPREF_NOM,COM_NOM
Mandjo,Puits moderne,Non,Oui,Hors du village,FOSA,Plus de 10 ans,18.01550000000,4.72871000000,Ombella M'Poko,Boali,Boali
Lebada,Puits traditionnel,Oui,Non,,Ecole,,20.54910000000,5.85558000000,Ouaka,Bambari,Pladama-Ouaka
Modomale,Puits moderne,Non,,,FOSA,,20.42210000000,5.81905000000,Ouaka,Bambari,Pladama-Ouaka
Kpocte,Puits traditionnel,Non,Non,Hors du village,Communaute,Plus de 10 ans,15.68810000000,5.92175000000,Nana-Mambéré,Bouar,Doaka-Koursou
Kpocte,Puits traditionnel,Non,Non,Hors du village,Communaute,Plus de 10 ans,15.68820000000,5.92231000000,Nana-Mambéré,Bouar,Doaka-Koursou
Akoursoul-Back,Puits moderne,Oui,Non,Hors du village,Communaute,Plus de 10 ans,20.73150000000,8.98547000000,Bamingui-Bangoran,Ndélé,Dar El Kouti
Akoursoul-Back,Puits traditionnel,Oui,Non,Hors du village,Communaute,Plus de 10 ans,20.73180000000,8.98407000000,Bamingui-Bangoran,Ndélé,Dar El Kouti
Akoursoul-Back,Puits traditionnel,Oui,Non,Hors du village,Communaute,Plus de 10 ans,20.73230000000,8.98043000000,Bamingui-Bangoran,Ndélé,Dar El Kouti
Akoursoul-Back 1,Puits traditionnel,Oui,Non,Hors du village,Communaute,Plus de 10 ans,20.73080000000,8.98255000000,Bamingui-Bangoran,Ndélé,Dar El Kouti
Akoursoul-Back 1,Puits traditionnel,Non,Non,Hors du village,Communaute,,20.73140000000,8.98082000000,Bamingui-Bangoran,Ndélé,Dar El Kouti
Akoursoul-Back 1,Puits traditionnel,Oui,Non,Hors du village,Communaute,Plus de 10 ans,20.73150000000,8.98739000000,Bamingui-Bangoran,Ndélé,Dar El Kouti
Akoursoul-Back 2,Puits traditionnel,Oui,Non,Hors du village,Communaute,Plus de 10 ans,20.72460000000,8.98706000000,Bamingui-Bangoran,Ndélé,Dar El Kouti
Akoursoul-Back 2,Puits traditionnel,Oui,Non,Hors du village,Communaute,Plus de 10 ans,20.72520000000,8.98773000000,Bamingui-Bangoran,Ndélé,Dar El Kouti
Akoursoul-Back 2,Puits traditionnel,Oui,Non,Hors du village,Communaute,Plus de 10 ans,20.72570000000,8.98896000000,Bamingui-Bangoran,Ndélé,Dar El Kouti
Akoursoul-Back 2,Puits traditionnel,Oui,Non,Hors du village,Communaute,Moins de 10 ans,20.73110000000,8.98967000000,Bamingui-Bangoran,Ndélé,Dar El Kouti
Doukouma,Puits moderne,Oui,Non,Hors du village,Communaute,Moins de 5 ans,19.37300000000,6.70485000000,Nana-Gribizi,Kaga-Bandoro,Ndenga
Akoursoul-Back 2,Puits traditionnel,Oui,Non,Hors du village,Communaute,Moins de 10 ans,20.73170000000,8.98995000000,Bamingui-Bangoran,Ndélé,Dar El Kouti
Koundjili,Puits moderne,Oui,Oui,Hors du village,Communaute,Plus de 10 ans,16.12150000000,7.22314000000,Ouham Pendé,Paoua,Paoua
Doukouma,Puits moderne,Oui,Oui,Hors du village,Communaute,Moins de 5 ans,19.37460000000,6.70458000000,Nana-Gribizi,Kaga-Bandoro,Ndenga
Babara (Miamere),Puits traditionnel,Non,Non,Dans le village,Communaute,Moins de 10 ans,19.85000000000,8.85169000000,Bamingui-Bangoran,Ndélé,Dar El Kouti
Doukouma,Puits moderne,Oui,Oui,Hors du village,Communaute,Moins de 5 ans,19.37630000000,6.70486000000,Nana-Gribizi,Kaga-Bandoro,Ndenga
Bouar,Puits moderne,Oui,Non,Hors du village,Communaute,Plus de 5 ans,15.58670000000,5.95358000000,Nana-Mambéré,Bouar,Herman-Brousse
Bouar,Puits moderne,Oui,Non,Dans le village,Communaute,Plus de 10 ans,15.58700000000,5.93453000000,Nana-Mambéré,Bouar,Herman-Brousse
Bouar,Puits moderne,Oui,Oui,Dans le village,Communaute,Plus de 5 ans,15.58910000000,5.92452000000,Nana-Mambéré,Bouar,Herman-Brousse
Ndjokpan,Puits moderne,Oui,Oui,Hors du village,Communaute,Plus de 10 ans,16.12540000000,7.22594000000,Ouham Pendé,Paoua,Paoua
Berengo,Puits traditionnel,Oui,Non,Hors du village,Communaute,Moins de 10 ans,19.80300000000,8.90567000000,Bamingui-Bangoran,Ndélé,Dar El Kouti
Boulkinia,Puits traditionnel,Oui,Non,Hors du village,Communaute,,20.60810000000,8.99356000000,Bamingui-Bangoran,Ndélé,Dar El Kouti
Boulkinia,Puits moderne,Oui,Oui,Hors du village,Communaute,Plus de 10 ans,20.61260000000,8.98976000000,Bamingui-Bangoran,Ndélé,Dar El Kouti
Bouar,Puits traditionnel,Oui,Non,Hors du village,Communaute,Plus de 10 ans,15.59390000000,5.94788000000,Nana-Mambéré,Bouar,Herman-Brousse
Gazao,Puits moderne,Oui,Non,Hors du village,Communaute,Moins de 5 ans,19.52550000000,6.69701000000,Nana-Gribizi,Kaga-Bandoro,Ndenga
Diki,Puits moderne,Non,Non,Hors du village,Communaute,Plus de 10 ans,19.65850000000,8.80314000000,Bamingui-Bangoran,Ndélé,Dar El Kouti
Bouar,Puits traditionnel,Oui,Non,Hors du village,Communaute,Plus de 10 ans,15.59530000000,5.94505000000,Nana-Mambéré,Bouar,Herman-Brousse
Bouar,Puits traditionnel,Oui,Non,Dans le village,Communaute,Plus de 10 ans,15.59600000000,5.93010000000,Nana-Mambéré,Bouar,Herman-Brousse
Dil 1,Puits traditionnel,Oui,Non,Hors du village,Communaute,Moins de 10 ans,20.72900000000,8.99037000000,Bamingui-Bangoran,Ndélé,Dar El Kouti
Dil 1,Puits traditionnel,Oui,Non,Hors du village,Communaute,Plus de 10 ans,20.73000000000,8.99112000000,Bamingui-Bangoran,Ndélé,Dar El Kouti
Bouar,Puits traditionnel,Oui,Non,Dans le village,Communaute,Plus de 10 ans,15.59650000000,5.93038000000,Nana-Mambéré,Bouar,Herman-Brousse
Godo 2,Puits moderne,Non,Oui,,Communaute,,19.18350000000,7.06571000000,Nana-Gribizi,Kaga-Bandoro,Grivaï-Pamia
Dil 1,Puits traditionnel,Oui,Non,Hors du village,Communaute,Plus de 10 ans,20.73010000000,8.99172000000,Bamingui-Bangoran,Ndélé,Dar El Kouti
Bouar,Puits moderne,Oui,Non,Hors du village,Communaute,Plus de 5 ans,15.59670000000,5.92961000000,Nana-Mambéré,Bouar,Herman-Brousse
Bouar,Puits traditionnel,Oui,Non,Dans le village,Communaute,Plus de 10 ans,15.59710000000,5.92903000000,Nana-Mambéré,Bouar,Herman-Brousse
Godo-Sindi 3,Puits moderne,Non,Oui,,Hors du village,Moins de 5 ans,19.18230000000,7.06914000000,Nana-Gribizi,Kaga-Bandoro,Grivaï-Pamia
Djomo,Puits traditionnel,Oui,Oui,,Communaute,,16.55160000000,4.81337000000,Mambéré-Kadéï,Gadzi,Topia
Djamassinda,Puits moderne,Oui,Oui,Hors du village,Communaute,Plus de 10 ans,20.49260000000,8.52025000000,Bamingui-Bangoran,Ndélé,Dar El Kouti
Poungakola,Puits traditionnel,Oui,Oui,,Ecole,Plus de 10 ans,19.69700000000,5.76478000000,Ouaka,Grimari,Kobadja
Bouar,Puits traditionnel,Oui,Non,Dans le village,Communaute,Plus de 10 ans,15.59760000000,5.92873000000,Nana-Mambéré,Bouar,Herman-Brousse
Djomo,Puits traditionnel,Oui,Non,,Communaute,,16.55170000000,4.81295000000,Mambéré-Kadéï,Gadzi,Topia
Poungakola,Puits traditionnel,Oui,Oui,,Ecole,Plus de 10 ans,19.69770000000,5.76458000000,Ouaka,Grimari,Kobadja
Bouar,Puits traditionnel,Oui,Non,Hors du village,Communaute,Plus de 10 ans,15.59790000000,5.92829000000,Nana-Mambéré,Bouar,Herman-Brousse
Ibingui,Puits moderne,Non,Non,Hors du village,Hors du village,Moins de 5 ans,19.08600000000,7.07594000000,Nana-Gribizi,Kaga-Bandoro,Nana-Outa
Djomo,Puits traditionnel,Oui,Oui,,Communaute,,16.55250000000,4.81342000000,Mambéré-Kadéï,Gadzi,Topia
Bouar,Puits traditionnel,Oui,Non,Hors du village,Communaute,Plus de 10 ans,15.59910000000,5.93987000000,Nana-Mambéré,Bouar,Herman-Brousse
Djomo,Puits traditionnel,Oui,,,Communaute,,16.55260000000,4.81270000000,Mambéré-Kadéï,Gadzi,Topia
Kaba,Puits moderne,Oui,Non,Hors du village,Communaute,Moins de 5 ans,19.38260000000,7.03335000000,Nana-Gribizi,Kaga-Bandoro,Grivaï-Pamia
Djomo,Puits traditionnel,Oui,Oui,,Communaute,Moins de 5 ans,16.55290000000,4.81308000000,Mambéré-Kadéï,Gadzi,Topia
Farcha,Puits traditionnel,Oui,Non,Hors du village,Communaute,Plus de 10 ans,19.82640000000,8.88959000000,Bamingui-Bangoran,Ndélé,Dar El Kouti
Bango,Puits traditionnel,Oui,Non,Hors du village,Communaute,Plus de 10 ans,19.64760000000,5.17385000000,Kémo,Ndjoukou,Galabadja
Kassimanga 1,Puits traditionnel,Oui,Non,Dans le village,Communaute,Moins de 5 ans,20.00710000000,8.75180000000,Bamingui-Bangoran,Ndélé,Dar El Kouti
Kaga-Bandoro,Puits moderne,Oui,Oui,,Communaute,,19.18220000000,7.05567000000,Nana-Gribizi,Kaga-Bandoro,Grivaï-Pamia
Kassimanga 1,Puits traditionnel,Oui,Non,Dans le village,Communaute,Plus de 10 ans,20.00880000000,8.75092000000,Bamingui-Bangoran,Ndélé,Dar El Kouti
Bossikarza,Puits traditionnel,Oui,Non,Hors du village,Communaute,Plus de 10 ans,19.41220000000,5.13459000000,Kémo,Ndjoukou,Galabadja
Gbokolou,Puits traditionnel,Oui,,,Communaute,,15.59640000000,6.27067000000,Nana-Mambéré,Bouar,Herman-Brousse
Koudoubadi,Puits traditionnel,Oui,Non,Hors du village,Communaute,,20.53580000000,9.14220000000,Bamingui-Bangoran,Ndélé,Dar El Kouti
Deko Kpamou,Puits traditionnel,Oui,Non,Hors du village,Communaute,Plus de 10 ans,19.54600000000,5.28581000000,Kémo,Ndjoukou,Galabadja
Gbadourou-Kedja2,Puits traditionnel,Oui,Non,Dans le village,Communaute,Plus de 10 ans,19.63070000000,5.19912000000,Kémo,Ndjoukou,Galabadja
Guen,Puits traditionnel,Oui,,,Communaute,,16.61340000000,4.79367000000,Mambéré-Kadéï,Gadzi,Topia
Guigui 2,Puits traditionnel,Oui,Non,Hors du village,Communaute,Plus de 10 ans,19.40020000000,5.12483000000,Kémo,Ndjoukou,Galabadja
Koundji,Puits traditionnel,Oui,Non,Hors du village,Communaute,Plus de 10 ans,20.70370000000,8.82933000000,Bamingui-Bangoran,Ndélé,Dar El Kouti
Kaga-Bandoro,Puits moderne,Non,Non,,Hors du village,,19.18950000000,7.00526000000,Nana-Gribizi,Kaga-Bandoro,Kaga-Bandoro
Guen,Puits traditionnel,Oui,,,Communaute,,16.62060000000,4.79252000000,Mambéré-Kadéï,Gadzi,Topia
Guen,Puits traditionnel,Oui,,,Communaute,,16.62120000000,4.79238000000,Mambéré-Kadéï,Gadzi,Topia
Kongbo Koula,Puits traditionnel,Oui,Non,Hors du village,Communaute,Plus de 10 ans,19.28820000000,5.10725000000,Kémo,Ndjoukou,Galabadja
Magnavo,Puits moderne,Oui,Non,Hors du village,Communaute,Plus de 10 ans,19.81560000000,8.90138000000,Bamingui-Bangoran,Ndélé,Dar El Kouti
Gueng,Puits traditionnel,Oui,Non,,Communaute,,16.62310000000,4.79059000000,Mambéré-Kadéï,Gadzi,Topia
Kongbo Pewa,Puits traditionnel,Oui,Non,Hors du village,Communaute,Plus de 10 ans,19.31630000000,5.11962000000,Kémo,Ndjoukou,Galabadja
Gueng,Puits traditionnel,Oui,Non,,Communaute,,16.62850000000,4.78954000000,Mambéré-Kadéï,Gadzi,Topia
Gueng,Puits traditionnel,Oui,Non,,Communaute,,16.62930000000,4.78945000000,Mambéré-Kadéï,Gadzi,Topia
Mourou-Fleuve,Puits traditionnel,Oui,Non,Hors du village,Communaute,Plus de 10 ans,19.66760000000,5.15593000000,Kémo,Ndjoukou,Galabadja
Baka,Puits traditionnel,Oui,Non,,Ecole,Plus de 10 ans,19.90600000000,5.76588000000,Ouaka,Grimari,Pouyamba
Gueng,Puits traditionnel,Non,Non,,Communaute,,16.63040000000,4.78953000000,Mambéré-Kadéï,Gadzi,Topia
Mourou-Kodjo,Puits traditionnel,Oui,Non,Hors du village,Communaute,Plus de 10 ans,19.45160000000,5.16371000000,Kémo,Ndjoukou,Galabadja
Gueng,Puits traditionnel,Oui,Non,,Communaute,,16.63340000000,4.78948000000,Mambéré-Kadéï,Gadzi,Topia
Mourou-Kodjo,Puits traditionnel,Oui,Non,Hors du village,Communaute,Plus de 10 ans,19.74400000000,5.13483000000,Kémo,Ndjoukou,Galabadja
Miamani,Puits moderne,Oui,Oui,Hors du village,Communaute,Plus de 10 ans,19.78080000000,8.91582000000,Bamingui-Bangoran,Ndélé,Dar El Kouti
Ngavoro,Puits traditionnel,Oui,Non,Hors du village,Communaute,Plus de 10 ans,19.64760000000,5.17385000000,Kémo,Ndjoukou,Galabadja
Maigaro,Puits moderne,Oui,Oui,Hors du village,Communaute,Plus de 10 ans,15.56100000000,6.00950000000,Nana-Mambéré,Bouar,Herman-Brousse
Ngbondo,Puits traditionnel,Oui,Non,Hors du village,Communaute,Plus de 10 ans,19.45160000000,5.16371000000,Kémo,Ndjoukou,Galabadja
Ngondo,Puits traditionnel,Oui,Non,Hors du village,Communaute,Plus de 10 ans,19.31630000000,5.11962000000,Kémo,Ndjoukou,Galabadja
Miamere,Puits moderne,Oui,Non,Hors du village,Communaute,Plus de 10 ans,19.83700000000,8.86883000000,Bamingui-Bangoran,Ndélé,Dar El Kouti
Kanga,Puits moderne,Oui,Oui,,Communaute,,19.46990000000,6.69505000000,Nana-Gribizi,Kaga-Bandoro,Ndenga
Seraho,Puits traditionnel,Oui,Non,Hors du village,Communaute,Plus de 10 ans,19.50580000000,5.19507000000,Kémo,Ndjoukou,Galabadja
Miamere,Puits moderne,Oui,Non,Hors du village,Communaute,Plus de 10 ans,19.83930000000,8.86474000000,Bamingui-Bangoran,Ndélé,Dar El Kouti
Yao-Koamengue,Puits traditionnel,Oui,Non,Hors du village,Communaute,Plus de 10 ans,19.74400000000,5.13483000000,Kémo,Ndjoukou,Galabadja
Yaoloko,Puits traditionnel,Oui,Non,Hors du village,Communaute,Plus de 10 ans,19.63230000000,5.36644000000,Kémo,Ndjoukou,Galabadja
Ngaboua,Puits traditionnel,Non,Non,,Ecole,Moins de 5 ans,16.45600000000,4.85073000000,Mambéré-Kadéï,Gadzi,Topia
Miskine,Puits moderne,Oui,Oui,Hors du village,Communaute,Moins de 5 ans,20.50260000000,8.51087000000,Bamingui-Bangoran,Ndélé,Dar El Kouti
Bocaranga,Puits moderne,Oui,Oui,Dans le village,Communaute,Plus de 10 ans,15.63920000000,7.00029000000,Ouham Pendé,Bocaranga,Bocaranga
Ndjoko,Puits moderne,Non,Non,,Communaute,Plus de 10 ans,19.66290000000,8.95905000000,Bamingui-Bangoran,Ndélé,Dar El Kouti
Beala,Puits traditionnel,Oui,Non,Hors du village,Communaute,Moins de 10 ans,19.11690000000,5.54253000000,Kémo,Ndjoukou,Galafondo
Ndjoko 1,Puits moderne,Oui,Non,,Communaute,Plus de 10 ans,19.71200000000,8.93918000000,Bamingui-Bangoran,Ndélé,Dar El Kouti
Beh Santou,Puits traditionnel,Oui,Non,Hors du village,Communaute,Moins de 10 ans,19.10140000000,5.58564000000,Kémo,Ndjoukou,Galafondo
Ndjoko 2,Puits traditionnel,Oui,Non,,Communaute,Moins de 5 ans,19.66300000000,8.95904000000,Bamingui-Bangoran,Ndélé,Dar El Kouti
Bocaranga,Puits moderne,Oui,Oui,Dans le village,Communaute,Plus de 10 ans,15.64000000000,6.99401000000,Ouham Pendé,Bocaranga,Bocaranga
Ndakara,Puits traditionnel,Non,Non,Hors du village,FOSA,,20.94580000000,6.23361000000,Ouaka,Ippy,Baïdou-Ngoumbourou
Woya,Puits traditionnel,Oui,Non,Hors du village,Communaute,,21.00440000000,6.23663000000,Ouaka,Ippy,Baïdou-Ngoumbourou
Kpokpo 3,Puits moderne,Non,Non,Hors du village,Hors du village,Moins de 5 ans,19.15530000000,7.01975000000,Nana-Gribizi,Kaga-Bandoro,Kaga-Bandoro
Djenda,Puits traditionnel,Oui,Non,Hors du village,Communaute,Plus de 10 ans,19.22560000000,5.13792000000,Kémo,Ndjoukou,Galafondo
Djouda 2,Puits traditionnel,Oui,Non,Hors du village,Communaute,Plus de 10 ans,19.22740000000,5.12337000000,Kémo,Ndjoukou,Galafondo
Ngarba,Puits moderne,Non,Non,Hors du village,Communaute,Moins de 10 ans,20.48240000000,9.21479000000,Bamingui-Bangoran,Ndélé,Dar El Kouti
Wantiguere,Puits moderne,Oui,Oui,Hors du village,Ecole,Plus de 10 ans,15.64620000000,5.93369000000,Nana-Mambéré,Bouar,Herman-Brousse
Bocaranga,Puits moderne,Oui,Oui,Dans le village,Communaute,,15.64100000000,6.99539000000,Ouham Pendé,Bocaranga,Bocaranga
Elevage,Puits traditionnel,Non,,,Communaute,,21.12720000000,6.25887000000,Ouaka,Ippy,Ippy
Bocaranga,Puits moderne,oui,Oui,Dans le village,Communaute,Plus de 10 ans,15.64150000000,6.99694000000,Ouham Pendé,Bocaranga,Bocaranga
Floh,Puits traditionnel,Non,,,Communaute,,21.18230000000,6.29446000000,Ouaka,Ippy,Ippy
Galafondo,Puits moderne,Non,Non,Hors du village,Ecole,Moins de 10 ans,19.12640000000,5.49117000000,Kémo,Ndjoukou,Galafondo
Ippy,Puits traditionnel,Oui,Non,Hors du village,Communaute,,21.18430000000,6.28960000000,Ouaka,Ippy,Ippy
Mboutou,Puits moderne,Non,Oui,,Hors du village,Moins de 5 ans,19.22300000000,7.08314000000,Nana-Gribizi,Kaga-Bandoro,Grivaï-Pamia
Bocaranga,Puits moderne,oui,Oui,Dans le village,Communaute,,15.64220000000,6.99037000000,Ouham Pendé,Bocaranga,Bocaranga
Gbadja 1,Puits traditionnel,Oui,Non,Hors du village,Communaute,Moins de 10 ans,19.24460000000,5.12254000000,Kémo,Ndjoukou,Galafondo
Gbadourou-Yapande,Puits traditionnel,Oui,Non,Hors du village,Communaute,Moins de 10 ans,19.24460000000,5.12254000000,Kémo,Ndjoukou,Galafondo
Tiri,Puits moderne,Oui,Non,Hors du village,Communaute,Plus de 10 ans,20.02100000000,8.74575000000,Bamingui-Bangoran,Ndélé,Dar El Kouti
Gbale,Puits traditionnel,Oui,Non,Hors du village,Communaute,Plus de 10 ans,19.15250000000,5.35182000000,Kémo,Ndjoukou,Galafondo
Yangougale,Puits moderne,Oui,Oui,Hors du village,Hors du village,Moins de 5 ans,20.63360000000,8.51408000000,Bamingui-Bangoran,Ndélé,Dar El Kouti
Yangou-Ndarassa,Puits moderne,Oui,Oui,Hors du village,Communaute,Plus de 10 ans,20.61560000000,8.42762000000,Bamingui-Bangoran,Ndélé,Dar El Kouti
Goundoulou,Puits traditionnel,Oui,Non,Hors du village,Communaute,Plus de 10 ans,19.22800000000,5.11340000000,Kémo,Ndjoukou,Galafondo
Zobossinda,Puits traditionnel,Oui,Non,Hors du village,Communaute,Plus de 10 ans,20.67770000000,8.74541000000,Bamingui-Bangoran,Ndélé,Dar El Kouti
Guemecherela,Puits traditionnel,Oui,Non,Hors du village,Communaute,Moins de 10 ans,19.25780000000,5.02820000000,Kémo,Ndjoukou,Galafondo
Zoukoutoungala 1,Puits moderne,Oui,Non,Hors du village,Communaute,Plus de 10 ans,20.60950000000,8.56298000000,Bamingui-Bangoran,Ndélé,Dar El Kouti
Bocaranga,Puits traditionnel,Oui,Oui,Hors du village,Communaute,Plus de 10 ans,15.64520000000,6.98177000000,Ouham Pendé,Bocaranga,Bocaranga
Kotto-Bourou,Puits moderne,Oui,Non,Hors du village,Communaute,Plus de 10 ans,19.13800000000,5.43568000000,Kémo,Ndjoukou,Galafondo
Zoukoutouniala 1,Puits moderne,Oui,Oui,Hors du village,Hors du village,Plus de 10 ans,20.61490000000,8.55448000000,Bamingui-Bangoran,Ndélé,Dar El Kouti
Kpabe,Puits moderne,Non,Non,Hors du village,Ecole,Moins de 10 ans,19.08190000000,5.65807000000,Kémo,Ndjoukou,Galafondo
Yongoro-Boulaye,Puits traditionnel,Oui,,,Communaute,,15.58840000000,6.23759000000,Nana-Mambéré,Bouar,Herman-Brousse
,Puits traditionnel,Oui,Non,Hors du village,Communaute,,20.58040000000,9.01765000000,Bamingui-Bangoran,Ndélé,Dar El Kouti
Kpabe,Puits moderne,Non,Non,Hors du village,Ecole,Moins de 10 ans,19.08190000000,5.65807000000,Kémo,Ndjoukou,Galafondo
Mabo,Puits traditionnel,Oui,Non,Hors du village,FOSA,Plus de 10 ans,19.06160000000,5.40489000000,Kémo,Ndjoukou,Galafondo
Bogong 1,Puits traditionnel,Oui,Oui,Hors du village,Communaute,Plus de 10 ans,15.53090000000,6.72894000000,Ouham Pendé,Bocaranga,Bocaranga
Mabo Karoua,Puits moderne,Non,Non,Hors du village,Ecole,Moins de 10 ans,19.12640000000,5.49117000000,Kémo,Ndjoukou,Galafondo
Bayanga,Puits moderne,Oui,Non,Hors du village,Communaute,Moins de 10 ans,16.26100000000,2.91358000000,Sangha-Mbaéré,Bayanga,Yobé-Sangha
Bangoran,Puits moderne,Non,Non,Hors du village,Communaute,,20.03830000000,7.23214000000,Bamingui-Bangoran,Bamingui,Vassako
GBAZANG,Puits traditionnel,Non,Oui,Dans le village,Ecole,Moins de 5 ans,15.25460000000,6.14523000000,Nana-Mambéré,Bouar,Niem-Yelewa
Mongossi 2,Puits traditionnel,Oui,Non,Hors du village,Communaute,Plus de 10 ans,19.25460000000,5.06457000000,Kémo,Ndjoukou,Galafondo
Ngouaka,Puits moderne,Non,Non,,Communaute,,19.11710000000,7.04784000000,Nana-Gribizi,Kaga-Bandoro,Botto
Dangavo,Puits moderne,Oui,Non,Hors du village,Communaute,Plus de 10 ans,20.24070000000,7.85503000000,Bamingui-Bangoran,Bamingui,Vassako
Ndakossi,Puits traditionnel,Oui,Non,Hors du village,Communaute,Plus de 10 ans,19.22740000000,5.12337000000,Kémo,Ndjoukou,Galafondo
Digba,Puits moderne,Non,Non,Hors du village,Communaute,Plus de 10 ans,20.37160000000,8.12589000000,Bamingui-Bangoran,Bamingui,Vassako
Possel,Puits traditionnel,Oui,Non,Hors du village,Communaute,Moins de 10 ans,19.25780000000,5.02820000000,Kémo,Ndjoukou,Galafondo
Ngoulekpa 3,Puits moderne,Non,Non,,Communaute,Moins de 5 ans,19.09070000000,7.06527000000,Nana-Gribizi,Kaga-Bandoro,Botto
Villas (Ferre),Puits traditionnel,Oui,Non,Hors du village,Communaute,Moins de 10 ans,19.02030000000,5.35098000000,Kémo,Ndjoukou,Galafondo
Niem,Puits moderne,Oui,Oui,Dans le village,Ecole,Moins de 5 ans,15.22650000000,6.19875000000,Nana-Mambéré,Bouar,Niem-Yelewa
Amou,Puits moderne,Oui,Non,Hors du village,FOSA,Plus de 10 ans,19.28830000000,5.69356000000,Kémo,Sibut,Ngoumbele
Ngouya-Kotamale,Puits moderne,Oui,Non,Hors du village,Hors du village,Moins de 5 ans,19.67300000000,7.00080000000,Nana-Gribizi,Kaga-Bandoro,Grivaï-Pamia
Amou,Puits moderne,Oui,Non,Hors du village,Communaute,Moins de 10 ans,19.30250000000,5.69569000000,Kémo,Sibut,Ngoumbele
Bohong,Puits moderne,Oui,Oui,Hors du village,Ecole/FOSA,Plus de 10 ans,15.64480000000,6.48656000000,Ouham Pendé,Bocaranga,Bocaranga
Ngreva¦,Puits moderne,Oui,Oui,,Communaute,Moins de 5 ans,19.44290000000,7.05242000000,Nana-Gribizi,Kaga-Bandoro,Grivaï-Pamia
Ngreva¦ 1,Puits moderne,Oui,Oui,,Communaute,,19.44150000000,7.05442000000,Nana-Gribizi,Kaga-Bandoro,Grivaï-Pamia
Bolo,Puits traditionnel,Oui,,,Communaute,,20.23340000000,5.16737000000,Ouaka,Kouango,Azéngué-Mindou
Ekawo,Puits traditionnel,Oui,Non,,Communaute,,20.08160000000,5.09742000000,Ouaka,Kouango,Azéngué-Mindou
Niango,Puits traditionnel,Oui,Non,Dans le village,Communaute,Moins de 5 ans,20.19140000000,7.59285000000,Bamingui-Bangoran,Bamingui,Vassako
Bogossin,Puits moderne,Oui,Non,Hors du village,Communaute,Plus de 10 ans,19.17500000000,5.72858000000,Kémo,Sibut,Ngoumbele
Yelewa,Puits traditionnel,Non,Non,Dans le village,Communaute,Plus de 10 ans,15.26710000000,6.41993000000,Nana-Mambéré,Bouar,Niem-Yelewa
Fagbagbo,Puits traditionnel,Oui,Non,,Communaute,,20.07260000000,5.09372000000,Ouaka,Kouango,Azéngué-Mindou
Sahara,Puits moderne,Non,Non,Hors du village,Hors du village,,19.15970000000,7.01660000000,Nana-Gribizi,Kaga-Bandoro,Kaga-Bandoro
Mono 2,Puits traditionnel,Oui,Non,,Communaute,,20.03640000000,5.03115000000,Ouaka,Kouango,Azéngué-Mindou
Ngadja,Puits traditionnel,Oui,Non,,Ecole,Moins de 10 ans,20.19720000000,5.16902000000,Ouaka,Kouango,Azéngué-Mindou
Ngadja,Puits traditionnel,Oui,,,FOSA,,20.19805600000,5.17027778000,Ouaka,Kouango,Azéngué-Mindou
Ngadja,Puits traditionnel,Oui,Non,,Communaute,,20.19830000000,5.17035000000,Ouaka,Kouango,Azéngué-Mindou
,Puits traditionnel,Non,Non,Hors du village,Communaute,Plus de 10 ans,20.53520000000,8.20196000000,Bamingui-Bangoran,Bamingui,Vassako
Bolo 1,Puits traditionnel,Oui,Non,,Communaute,Moins de 10 ans,20.30810000000,4.91328000000,Ouaka,Kouango,Cochio-Toulou
Ngao,Puits traditionnel,Oui,Non,,Communaute,Moins de 10 ans,20.37200000000,4.89970000000,Ouaka,Kouango,Cochio-Toulou
Boubou,Puits moderne,Non,Non,Hors du village,FOSA,Plus de 10 ans,19.10780000000,5.79586000000,Kémo,Sibut,Ngoumbele
Zara,Puits traditionnel,Non,,,Communaute,Plus de 10 ans,20.71690000000,4.96872000000,Ouaka,Kouango,Cochio-Toulou
Gbambia,Puits moderne,Non,Non,Hors du village,Communaute,Moins de 10 ans,19.05990000000,5.77434000000,Kémo,Sibut,Ngoumbele
Gouassi 3,Puits traditionnel,Oui,,,Communaute,,20.24950000000,4.90040000000,Ouaka,Kouango,Kouango
Kedja 1,Puits traditionnel,Oui,Non,,Communaute,,20.07550000000,4.97108000000,Ouaka,Kouango,Kouango
Lakpou,Puits moderne,Oui,Non,Hors du village,Communaute,Moins de 10 ans,19.26460000000,5.69867000000,Kémo,Sibut,Ngoumbele
Yanendji,Puits moderne,Oui,Oui,,Communaute,,19.17230000000,6.99931000000,Nana-Gribizi,Kaga-Bandoro,Kaga-Bandoro
Benah 1,Puits moderne,Oui,Oui,Hors du village,Communaute,Plus de 10 ans,16.50050000000,7.43932000000,Ouham Pendé,Paoua,Bah-Bessar
Lokpa 2,Puits moderne,Oui,Oui,Hors du village,Communaute,Plus de 10 ans,19.24270000000,5.71028000000,Kémo,Sibut,Ngoumbele
Ngbaka,Puits traditionnel,Non,Non,,Communaute,,20.22730000000,4.91538000000,Ouaka,Kouango,Kouango
Mboutou,Puits traditionnel,Oui,Non,Hors du village,Communaute,Plus de 10 ans,19.56140000000,5.80036000000,Kémo,Sibut,Ngoumbele
Ngbeda,Puits traditionnel,Oui,Non,,Communaute,,20.01670000000,4.98403000000,Ouaka,Kouango,Kouango
Omba,Puits traditionnel,Oui,Non,,Communaute,,20.23730000000,4.91058000000,Ouaka,Kouango,Kouango
Yangoasso,Puits traditionnel,Oui,Non,,Communaute,Plus de 10 ans,20.01730000000,5.00743000000,Ouaka,Kouango,Kouango
Zou,Puits traditionnel,Oui,Non,,Communaute,,20.06560000000,4.97345000000,Ouaka,Kouango,Kouango
Ngreko,Puits moderne,Oui,Non,Hors du village,Hors du village,Plus de 10 ans,19.41850000000,5.74981000000,Kémo,Sibut,Ngoumbele
Makonzi-ouali,Puits moderne,Oui,Oui,Dans le village,Ecole,Plus de 10 ans,15.55570000000,6.88316000000,Ouham Pendé,Bocaranga,Bocaranga
Regueme,Puits moderne,Oui,Non,Hors du village,Communaute,Plus de 10 ans,19.22930000000,5.71492000000,Kémo,Sibut,Ngoumbele
Bouca,Puits traditionnel,Oui,Non,Dans le village,Communaute,Plus de 10 ans,18.27710000000,6.50395000000,Ouham,Bouca,Bouca Bobo
,Puits moderne,Oui,Non,Hors du village,Ecole,Moins de 10 ans,19.13280000000,5.81438000000,Kémo,Sibut,Ngoumbele
Bala,Puits moderne,Oui,Oui,Hors du village,Ecole,Moins de 10 ans,18.51020000000,4.41624000000,Ombella M'Poko,Bimbo,Bimbo
Banabongo,Puits moderne,Oui,Non,Hors du village,Ecole,Moins de 5 ans,22.77260000000,5.09595000000,Mbomou,Bakouma,Bakouma
Mnagaza,Puits traditionnel,Oui,Non,Dans le village,Communaute,Plus de 10 ans,22.44400000000,5.05954000000,Mbomou,Bakouma,Bakouma
Ndanda,Puits traditionnel,Oui,Non,Dans le village,Communaute,Plus de 10 ans,22.40790000000,5.07981000000,Mbomou,Bakouma,Bakouma
Yanikoa,Puits traditionnel,Oui,Non,Dans le village,Communaute,Plus de 10 ans,22.55440000000,4.95575000000,Mbomou,Bakouma,Bakouma
Zai,Puits traditionnel,Oui,Oui,Hors du village,Communaute,Plus de 10 ans,15.71930000000,6.46669000000,Ouham Pendé,Bocaranga,Bocaranga
Sibut,Puits moderne,Non,Non,Hors du village,Ecole,Moins de 10 ans,19.07580000000,5.73383000000,Kémo,Sibut,Sibut
Bangolo,Puits traditionnel,Oui,Non,Dans le village,Communaute,Plus de 10 ans,22.60870000000,4.90675000000,Mbomou,Bangassou,Sayo Niakari
Bimbo,Puits traditionnel,Oui,Non,Hors du village,Ecole,Moins de 10 ans,18.51700000000,4.35569000000,Ombella M'Poko,Bimbo,Bimbo
Bokombissi,Puits moderne,Oui,Oui,Hors du village,Communaute,Plus de 10 ans,15.95510000000,7.05113000000,Ouham Pendé,Bocaranga,Loura
Alindao,Puits moderne,Oui,Oui,Dans le village,Ecole,Plus de 10 ans,21.20910000000,5.04292000000,Basse-Kotto,Alindao,Alindao
Alindao,Puits moderne,Oui,Non,Hors du village,Communaute,Plus de 10 ans,21.21040000000,5.04328000000,Basse-Kotto,Alindao,Alindao
Bokombissi,Puits moderne,Oui,Oui,Hors du village,Communaute,Plus de 10 ans,15.95700000000,7.05051000000,Ouham Pendé,Bocaranga,Loura
Maliba,Puits moderne,Oui,Non,Dans le village,Communaute,Moins de 10 ans,22.73250000000,4.90421000000,Mbomou,Bangassou,Sayo Niakari
Niakari,Puits traditionnel,Oui,Non,Dans le village,Ecole,Moins de 5 ans,22.75290000000,4.83885000000,Mbomou,Bangassou,Sayo Niakari
Kangou,Puits traditionnel,Oui,Oui,Dans le village,Communaute,,19.63200000000,6.66877000000,Nana-Gribizi,Mbrès,Mbrés
Kounbam1,Puits moderne,Oui,Oui,Dans le village,Communaute,Plus de 10 ans,15.89270000000,7.06579000000,Ouham Pendé,Bocaranga,Loura
Alindao,Puits moderne,Oui,Non,Dans le village,Communaute,Plus de 10 ans,21.21400000000,5.04377000000,Basse-Kotto,Alindao,Alindao
Kotchenguele,Puits traditionnel,Oui,Non,Hors du village,Communaute,,19.76250000000,6.66752000000,Nana-Gribizi,Mbrès,Mbrés
Sibut,Puits moderne,Oui,Non,Hors du village,Communaute,Moins de 10 ans,19.08980000000,5.74894000000,Kémo,Sibut,Sibut
Sana,Puits traditionnel,Oui,Non,Dans le village,Communaute,Plus de 10 ans,22.71120000000,4.86546000000,Mbomou,Bangassou,Sayo Niakari
Kounmbam2,Puits moderne,Oui,Non,Hors du village,Communaute,Plus de 10 ans,16.00130000000,7.06328000000,Ouham Pendé,Bocaranga,Loura
Alindao,Puits moderne,Oui,Non,Dans le village,Ecole,Moins de 10 ans,21.21790000000,5.03303000000,Basse-Kotto,Alindao,Alindao
Alindao,Puits moderne,Non,Non,Hors du village,Ecole,Plus de 10 ans,21.22450000000,5.03543000000,Basse-Kotto,Alindao,Alindao
Bimbo,Puits traditionnel,Oui,Non,Hors du village,Ecole,Moins de 10 ans,18.53030000000,4.35281000000,Ombella M'Poko,Bimbo,Bimbo
Cite aeroport,Puits traditionnel,Oui,Non,Hors du village,Ecole,Plus de 10 ans,18.30010000000,7.30935000000,Ouham,Batangafo,Batangafo
Nao 1,Puits traditionnel,Oui,Non,Dans le village,Communaute,Moins de 10 ans,23.32440000000,5.48998000000,Mbomou,Bakouma,Bakouma
Maoroka,Puits traditionnel,Oui,Non,Hors du village,Communaute,,19.67590000000,6.65953000000,Nana-Gribizi,Mbrès,Mbrés
Bokoula,Puits moderne,Oui,Non,Dans le village,Ecole,Plus de 10 ans,21.33890000000,4.86874000000,Basse-Kotto,Alindao,Bakou
Aou,Puits traditionnel,Oui,Non,Dans le village,FOSA,Moins de 10 ans,22.93360000000,4.83621000000,Mbomou,Bangassou,Zangandou
Bandogo,Puits moderne,Oui,Non,Dans le village,Communaute,Moins de 10 ans,22.94780000000,4.84138000000,Mbomou,Bangassou,Zangandou
Elim,Puits moderne,Oui,Non,Dans le village,Ecole,Plus de 10 ans,21.33940000000,4.81335000000,Basse-Kotto,Alindao,Bakou
Dibol,Puits traditionnel,Oui,,,Communaute,Moins de 5 ans,16.01890000000,6.57024000000,Ouham Pendé,Bocaranga,Péndé
Elim,Puits moderne,Oui,Non,Hors du village,Communaute,Plus de 10 ans,21.34100000000,4.81603000000,Basse-Kotto,Alindao,Bakou
Herba,Puits moderne,Oui,Oui,Hors du village,Ecole,Moins de 10 ans,15.99350000000,6.68960000000,Ouham Pendé,Bocaranga,Péndé
Elim 2,Puits moderne,Oui,Non,Dans le village,Communaute,Plus de 10 ans,21.34350000000,4.81657000000,Basse-Kotto,Alindao,Bakou
Mboutou 2,Puits moderne,Oui,Oui,Dans le village,Communaute,Moins de 5 ans,19.64050000000,6.65914000000,Nana-Gribizi,Mbrès,Mbrés
Kounpo1,Puits moderne,Non,Non,Dans le village,Communaute,Plus de 10 ans,16.27230000000,7.08550000000,Ouham Pendé,Paoua,Banh
Kounpode,Puits traditionnel,Oui,Non,Dans le village,Communaute,Moins de 10 ans,16.29690000000,7.11002000000,Ouham Pendé,Paoua,Banh
Mbres,Puits traditionnel,Oui,Non,Hors du village,Communaute,Plus de 10 ans,19.79470000000,6.66974000000,Nana-Gribizi,Mbrès,Mbrés
Gambo,Puits moderne,Oui,Non,Hors du village,Ecole,Moins de 5 ans,22.26390000000,4.65126000000,Mbomou,Gambo,Gambo
Pombolo,Puits moderne,Non,Non,Hors du village,Ecole,Moins de 5 ans,21.99740000000,4.66941000000,Mbomou,Gambo,Gambo
Mbres,Puits traditionnel,Oui,Non,Hors du village,Communaute,,19.79580000000,6.66970000000,Nana-Gribizi,Mbrès,Mbrés
Mbres,Puits moderne,Oui,Non,Hors du village,Communaute,,19.79590000000,6.66700000000,Nana-Gribizi,Mbrès,Mbrés
Salo,Puits moderne,Oui,Non,Hors du village,FOSA,Moins de 10 ans,16.11750000000,3.19003000000,Sangha-Mbaéré,Nola,Salo
Ngalakpa,Puits moderne,Non,Non,Hors du village,Ecole,Moins de 5 ans,22.18280000000,4.16533000000,Mbomou,Gambo,Ngandou
Ngalakpa,Puits moderne,Non,Non,Dans le village,Communaute,Moins de 5 ans,22.18510000000,4.16287000000,Mbomou,Gambo,Ngandou
Ngalakpa,Puits moderne,Oui,Oui,Dans le village,FOSA,Plus de 10 ans,22.19570000000,4.15791000000,Mbomou,Gambo,Ngandou
Béma,Puits moderne,Non,Non,Dans le village,Ecole,Moins de 5 ans,22.43940000000,4.13566000000,Mbomou,Ouango,Ngbandinga
Labakeze,Puits moderne,Oui,Non,Dans le village,Ecole,Moins de 5 ans,22.44960000000,4.17991000000,Mbomou,Ouango,Ngbandinga
Ngombe,Puits traditionnel,Oui,Non,Dans le village,FOSA,Moins de 5 ans,22.37780000000,4.12404000000,Mbomou,Ouango,Ngbandinga
Bouboui,Puits traditionnel,Non,Non,Hors du village,Ecole,Moins de 10 ans,18.32330000000,4.61249000000,Ombella M'Poko,Bimbo,Bimbo
Mbia 2,Puits traditionnel,Oui,Non,Dans le village,Ecole,Plus de 10 ans,21.30640000000,4.97953000000,Basse-Kotto,Alindao,Guiligui
Loungougba,Puits moderne,Oui,Non,Dans le village,Ecole,Moins de 5 ans,22.67040000000,4.72972000000,Mbomou,Ouango,Ouango
Ndiba 2,Puits traditionnel,Oui,Non,Hors du village,Communaute,,19.69360000000,6.66068000000,Nana-Gribizi,Mbrès,Mbrés
Pia,Puits traditionnel,Non,Non,Hors du village,Communaute,Plus de 10 ans,17.72160000000,7.18493000000,Ouham,Batangafo,Bédé
Depoint,Puits traditionnel,Oui,Non,Dans le village,Communaute,Plus de 10 ans,18.36200000000,6.68363000000,Ouham,Bouca,Lady Gbawi
Kpabara I,Puits moderne,Non,Oui,Hors du village,Ecole,Moins de 10 ans,18.75490000000,5.01205000000,Ombella M'Poko,Damara,Damara
Bamara-Kassai,Puits moderne,Oui,Oui,Hors du village,Communaute,Plus de 10 ans,18.35770000000,7.36359000000,Ouham,Batangafo,Ouassi
Nguimalet,Puits traditionnel,Oui,Non,Hors du village,Communaute,,19.66710000000,6.65990000000,Nana-Gribizi,Mbrès,Mbrés
Bissangai,Puits moderne,Oui,Oui,Dans le village,Communaute,Plus de 10 ans,18.38960000000,7.38924000000,Ouham,Batangafo,Ouassi
Boyali Yaho,Puits traditionnel,Oui,Non,Dans le village,Communaute,Plus de 10 ans,16.19240000000,6.01539000000,Ouham Pendé,Bozoum,Birvan-Bolé
Badjianda,Puits moderne,Oui,Oui,Hors du village,Communaute,Plus de 5 ans,16.15320000000,6.92547000000,Ouham Pendé,Paoua,Malé
Bania,Puits moderne,Non,Non,Hors du village,Communaute,Plus de 10 ans,16.11270000000,4.00647000000,Mambéré-Kadéï,Berbérati,Basse-Mambéré
Bai,Puits moderne,Oui,Oui,Hors du village,Communaute,Plus de 5 ans,16.12940000000,6.77608000000,Ouham Pendé,Paoua,Malé
Belé,Puits moderne,Oui,Oui,Dans le village,Communaute,Plus de 5 ans,16.20950000000,7.06285000000,Ouham Pendé,Paoua,Malé
Belé 1,Puits moderne,Oui,Oui,Hors du village,Communaute,Plus de 10 ans,16.21000000000,7.06250000000,Ouham Pendé,Paoua,Malé
Bangassou,Puits moderne,Non,Non,Hors du village,Ecole,Moins de 5 ans,22.79920000000,4.73839000000,Mbomou,Bangassou,Bangassou
Bozoum,Puits traditionnel,Oui,Oui,Hors du village,Communaute,,16.37810000000,6.31827000000,Ouham Pendé,Bozoum,Bozoum
Bilakare,Puits moderne,Non,Oui,Hors du village,Communaute,Plus de 10 ans,16.13950000000,6.76379000000,Ouham Pendé,Paoua,Malé
Ngama,Puits moderne,Oui,Non,Dans le village,Communaute,Plus de 10 ans,21.45880000000,4.71875000000,Basse-Kotto,Kembé,Kembé
Bangassou,Puits moderne,Non,Non,Dans le village,Ecole,Plus de 10 ans,22.80890000000,4.74597000000,Mbomou,Bangassou,Bangassou
Dakawa,Puits moderne,Oui,Oui,Hors du village,Communaute,Plus de 5 ans,16.14300000000,6.91602000000,Ouham Pendé,Paoua,Malé
Kahon,Puits moderne,Oui,Oui,Hors du village,Communaute,Plus de 10 ans,16.25260000000,6.68946000000,Ouham Pendé,Paoua,Malé
Kangatou,Puits moderne,Oui,Oui,Dans le village,Communaute,Plus de 5 ans,16.16130000000,6.94670000000,Ouham Pendé,Paoua,Malé
Tagoro,Puits moderne,Oui,Non,Hors du village,Communaute,Plus de 10 ans,18.68360000000,4.92223000000,Ombella M'Poko,Damara,Damara
Kolongo,Puits moderne,Oui,Oui,Dans le village,Hors du village,Plus de 5 ans,16.16830000000,6.95792000000,Ouham Pendé,Paoua,Malé
Ngama-Bis-Sango,Puits moderne,Oui,Non,Dans le village,Ecole,Plus de 10 ans,21.76000000000,4.86291000000,Basse-Kotto,Mingala,Siriki
Lepourou,Puits moderne,Oui,Oui,Hors du village,Hors du village,Plus de 5 ans,16.12690000000,6.88115000000,Ouham Pendé,Paoua,Malé
Boulagba,Puits moderne,Oui,Oui,Dans le village,FOSA,Plus de 10 ans,21.12610000000,4.51338000000,Basse-Kotto,Mobaye,Mbéima
Palao,Puits moderne,Oui,Oui,Hors du village,Communaute,Plus de 5 ans,16.18190000000,6.98831000000,Ouham Pendé,Paoua,Malé
Boguera,Puits moderne,Oui,Non,Hors du village,Ecole,Moins de 10 ans,17.15260000000,4.88614000000,Lobaye,Boganangone,Boganangone
Bezomo,Puits moderne,Oui,Oui,Hors du village,Communaute,Plus de 10 ans,18.54050000000,7.28303000000,Ouham,Kabo,Ouaki
Bonaguiro,Puits moderne,Oui,Non,Hors du village,Ecole,Plus de 10 ans,17.20190000000,4.83549000000,Lobaye,Boganangone,Boganangone
Bokaiwa,Puits moderne,Oui,Oui,Dans le village,Communaute,Moins de 5 ans,18.56190000000,7.27666000000,Ouham,Kabo,Ouaki
Nganzi,Puits traditionnel,Oui,Non,Dans le village,Communaute,Plus de 10 ans,22.61960000000,4.90183000000,Mbomou,Bangassou,Sayo Niakari
Mobaye,Puits moderne,Oui,Non,Dans le village,Ecole,Moins de 5 ans,21.17810000000,4.32311000000,Basse-Kotto,Mobaye,Mobaye
Liton,Puits moderne,Oui,Oui,Hors du village,Ecole,Moins de 10 ans,18.52630000000,4.52559000000,Ombella M'Poko,Bimbo,Bimbo
Botere 1,Puits Moderne,Oui,Oui,Hors du village,Communaute,Moins de 5 ans,18.65560000000,7.25889000000,Ouham,Kabo,Ouaki
Mbangui-Yangada,Puits moderne,Non,Non,Dans le village,Ecole,Moins de 5 ans,21.93740000000,4.30295000000,Basse-Kotto,Satéma,Kotto-Oubangui
Mbombo,Puits moderne,Non,Non,Hors du village,Ecole,Moins de 5 ans,21.92050000000,4.29880000000,Basse-Kotto,Satéma,Kotto-Oubangui
Farazara 2,Puits moderne,Oui,Oui,Hors du village,Communaute,Plus de 10 ans,18.74260000000,7.38162000000,Ouham,Kabo,Ouaki
Ngaligue,Puits moderne,Non,Non,Dans le village,Ecole,Plus de 10 ans,21.92790000000,4.41676000000,Basse-Kotto,Satéma,Kotto-Oubangui
Frazara 1,Puits moderne,Oui,Oui,Hors du village,Communaute,Plus de 10 ans,18.74240000000,7.38142000000,Ouham,Kabo,Ouaki
Nganda,Puits moderne,Non,Non,Hors du village,Ecole,Moins de 5 ans,22.07120000000,4.31244000000,Mbomou,Gambo,Ngandou
Kodje,Puits traditionnel,Non,Non,Dans le village,Ecole,Plus de 10 ans,20.95930000000,4.46752000000,Basse-Kotto,Zangba,Ouambé
Kodje,Puits moderne,Oui,Oui,Dans le village,FOSA,Moins de 5 ans,20.96150000000,4.46823000000,Basse-Kotto,Zangba,Ouambé
Ngaiforo,Puits moderne,Non,Non,Hors du village,Ecole,Moins de 5 ans,20.84580000000,4.53717000000,Basse-Kotto,Zangba,Ouambé
Kava 1,Puits moderne,Oui,Oui,Dans le village,Communaute,,18.49350000000,7.53540000000,Ouham,Kabo,Ouaki
Ouale,Puits moderne,Non,Oui,Hors du village,Ecole,Moins de 5 ans,20.79520000000,4.53717000000,Basse-Kotto,Zangba,Ouambé
Moussoumba,Puits moderne,Oui,Oui,Hors du village,Communaute,Plus de 10 ans,18.63770000000,7.55891000000,Ouham,Kabo,Ouaki
Ndimba,Puits traditionnel,Oui,Non,Hors du village,Communaute,Plus de 10 ans,18.61510000000,4.12875000000,Ombella M'Poko,Bimbo,Bimbo
Ribo,Puits traditionnel,Oui,,,Communaute,Moins de 5 ans,16.06810000000,6.54205000000,Ouham Pendé,Bozoum,Kouazo
Boukanga,Puits moderne,Non,Non,Hors du village,Communaute,Plus de 10 ans,17.27310000000,5.28777000000,Ombella M'Poko,Yaloké,Yaloké
Banga 1,Puits traditionnel,Oui,Non,Hors du village,Hors du village,,19.27410000000,7.01947000000,Nana-Gribizi,Kaga-Bandoro,Grivaï-Pamia
Beltounou 1,Puits moderne,Oui,Oui,Hors du village,Communaute,Plus de 10 ans,18.63000000000,7.63385000000,Ouham,Kabo,Sido
Kabo,Puits moderne,Oui,Oui,Dans le village,Communaute,Moins de 5 ans,18.61220000000,7.69108000000,Ouham,Kabo,Sido
Kabo,Puits moderne,Oui,Oui,Dans le village,Communaute,Moins de 5 ans,18.62160000000,7.69349000000,Ouham,Kabo,Sido
Guen,Puits traditionnel,Oui,,,Communaute,,15.79510000000,4.66582000000,Mambéré-Kadéï,Berbérati,Haute-Batouri
Kabo,Puits moderne,Oui,Oui,Dans le village,Communaute,Plus de 10 ans,18.62510000000,7.69625000000,Ouham,Kabo,Sido
Obo,Puits moderne,Oui,Non,Hors du village,Communaute,Plus de 10 ans,26.48700000000,5.38368000000,Haut-Mbomou,Obo,Obo
Kabo,Puits moderne,Oui,Oui,,Ecole,Plus de 10 ans,18.62580000000,7.69890000000,Ouham,Kabo,Sido
Kabo 4,Puits moderne,Oui,Oui,Dans le village,Communaute,Plus de 10 ans,18.62610000000,7.69773000000,Ouham,Kabo,Sido
Obo,Puits moderne,Oui,Oui,Dans le village,Communaute,Moins de 5 ans,26.49290000000,5.39666000000,Haut-Mbomou,Obo,Obo
Bouzou,Puits traditionnel,Oui,Non,Dans le village,Communaute,Plus de 10 ans,15.17830000000,6.84397000000,Ouham Pendé,Koui,Koui
Kounga-Lutos,Puits moderne,Oui,Oui,Hors du village,Communaute,Plus de 10 ans,18.62900000000,7.64354000000,Ouham,Kabo,Sido
De gaulle,Puits moderne,Oui,Oui,Hors du village,FOSA,Moins de 10 ans,15.44550000000,6.93969000000,Ouham Pendé,Koui,Koui
Sebokele,Puits traditionnel,Oui,Non,Hors du village,Communaute,Plus de 10 ans,18.39520000000,4.21836000000,Ombella M'Poko,Bimbo,Bimbo
Bemal,Puits moderne,non,Oui,Hors du village,Communaute,Plus de 10 ans,16.60940000000,7.58451000000,Ouham Pendé,Paoua,Mia-Péndé
Vafio,Puits moderne,Oui,Oui,Hors du village,Communaute,Moins de 5 ans,18.57020000000,7.64081000000,Ouham,Kabo,Sido
Sekia,Puits moderne,Non,Non,Hors du village,Ecole,Moins de 10 ans,18.41240000000,4.31175000000,Ombella M'Poko,Bimbo,Bimbo
Bemal,Puits moderne,non,Oui,Hors du village,Communaute,Plus de 10 ans,16.61180000000,7.58316000000,Ouham Pendé,Paoua,Mia-Péndé
Bele,Puits moderne,Oui,Oui,Dans le village,Communaute,Moins de 10 ans,17.14090000000,7.63757000000,Ouham,Markounda,Nana Markounda
Beyongo,Puits moderne,Non,Non,,Communaute,Moins de 5 ans,17.13510000000,7.63823000000,Ouham,Markounda,Nana Markounda
Kadjama,Puits moderne,Oui,Oui,Hors du village,Communaute,Moins de 5 ans,17.08440000000,7.38771000000,Ouham,Markounda,Nana Markounda
Kadjama,Puits traditionnel,Oui,Oui,,Communaute,Plus de 10 ans,17.20120000000,7.52181000000,Ouham,Markounda,Nana Markounda
Bakala,Puits traditionnel,Oui,Non,Hors du village,Communaute,,20.37670000000,6.19658000000,Ouaka,Bakala,Koudou-Bégo
Bakala,Puits traditionnel,Non,Non,Hors du village,FOSA,,20.38600000000,6.19632000000,Ouaka,Bakala,Koudou-Bégo
Madongai,Puits moderne,Oui,Non,,Communaute,Moins de 5 ans,17.19810000000,7.52397000000,Ouham,Markounda,Nana Markounda
Bakala,Puits traditionnel,Oui,Non,Hors du village,Communaute,,20.38970000000,6.19581000000,Ouaka,Bakala,Koudou-Bégo
Zemio,Puits moderne,Oui,Oui,Dans le village,Communaute,Plus de 10 ans,25.12150000000,5.03061000000,Haut-Mbomou,Zémio,Zémio
Bakala,Puits traditionnel,Oui,Non,Hors du village,Communaute,,20.39040000000,6.19622000000,Ouaka,Bakala,Koudou-Bégo
Koudoubego,Puits traditionnel,Oui,Non,Hors du village,Communaute,Plus de 10 ans,20.37610000000,6.19760000000,Ouaka,Bakala,Koudou-Bégo
Zemio,Puits moderne,Oui,Non,Hors du village,Communaute,Plus de 10 ans,25.12300000000,5.02935000000,Haut-Mbomou,Zémio,Zémio
Bakaba,Puits moderne,Non,Oui,Hors du village,Hors du village,Moins de 5 ans,19.06590000000,7.08764000000,Nana-Gribizi,Kaga-Bandoro,Nana-Outa
Bamabari,Puits traditionnel,Oui,,,FOSA,,20.66833300000,5.76138889000,Ouaka,Bambari,Bambari
Zemio,Puits moderne,Oui,Oui,Dans le village,Communaute,Moins de 5 ans,25.13430000000,5.03069000000,Haut-Mbomou,Zémio,Zémio
Zemio,Puits moderne,Oui,Oui,Dans le village,Communaute,Moins de 5 ans,25.13480000000,5.03159000000,Haut-Mbomou,Zémio,Zémio
Bambari,Puits traditionnel,Oui,Non,Hors du village,Ecole,,20.66670000000,5.76868000000,Ouaka,Bambari,Bambari
Zemio,Puits moderne,Oui,Oui,Dans le village,Communaute,Moins de 5 ans,25.13820000000,5.03309000000,Haut-Mbomou,Zémio,Zémio
Zemio,Puits moderne,Oui,Oui,Hors du village,Communaute,Plus de 10 ans,25.14150000000,5.03435000000,Haut-Mbomou,Zémio,Zémio
Bofoui 2,Puits traditionnel,Non,Non,Hors du village,Communaute,Plus de 10 ans,17.72160000000,7.18493000000,Ouham,Batangafo,Bédé
Zemio,Puits moderne,Oui,Oui,Dans le village,Communaute,Moins de 5 ans,25.14280000000,5.03064000000,Haut-Mbomou,Zémio,Zémio
Guimbo 2,Puits moderne,Oui,Oui,Hors du village,Hors du village,Moins de 5 ans,19.05690000000,7.09139000000,Nana-Gribizi,Kaga-Bandoro,Nana-Outa
Afrotcho,Puits moderne,Oui,Non,Hors du village,Ecole,,21.22200000000,5.92437000000,Ouaka,Bambari,Danga-Gboudou
Beh,Puits moderne,Oui,Oui,Hors du village,Communaute,Plus de 10 ans,16.31590000000,6.64856000000,Ouham Pendé,Paoua,Mom
Konvi 1,Puits moderne,Non,Non,Hors du village,Communaute,Moins de 5 ans,18.86490000000,7.36740000000,Nana-Gribizi,Kaga-Bandoro,Nana-Outa
Konvi 2,Puits moderne,Oui,Non,,Communaute,,18.84440000000,7.25718000000,Nana-Gribizi,Kaga-Bandoro,Nana-Outa
Metefara,Puits moderne,Oui,Oui,,Hors du village,,19.06670000000,7.07678000000,Nana-Gribizi,Kaga-Bandoro,Nana-Outa
Boulougba,Puits traditionnel,Oui,Non,Hors du village,Communaute,,21.07850000000,5.88180000000,Ouaka,Bambari,Danga-Gboudou
Dolo 3,Puits traditionnel,Oui,Non,Dans le village,Communaute,Moins de 5 ans,22.20210000000,6.50887000000,Haute-Kotto,Bria,Daba Nydou
Orongou,Puits traditionnel,Oui,Non,Hors du village,Communaute,Plus de 10 ans,22.11170000000,6.51871000000,Haute-Kotto,Bria,Daba Nydou
Ndow-Kete,Puits moderne,Oui,Oui,Hors du village,Communaute,Moins de 5 ans,17.58690000000,5.78512000000,Ouham,Bossangoa,Koro-M'poko
Ourindi,Puits traditionnel,Oui,,,Communaute,,22.00130000000,6.40296000000,Haute-Kotto,Bria,Daba Nydou
Tetia,Puits traditionnel,Oui,,,Communaute,Moins de 5 ans,21.99760000000,6.35257000000,Haute-Kotto,Bria,Daba Nydou
Ayorokpo 2,Puits traditionnel,Oui,Non,Hors du village,Communaute,Plus de 10 ans,22.01750000000,6.64771000000,Haute-Kotto,Bria,Samba-Boungou
Balibi 2,Puits traditionnel,Oui,Non,Hors du village,Communaute,Plus de 10 ans,21.95740000000,6.85515000000,Haute-Kotto,Bria,Samba-Boungou
Kombelet,Puits moderne,Oui,Non,,Communaute,Plus de 10 ans,20.72880000000,5.82597000000,Ouaka,Bambari,Danga-Gboudou
Mbaiki,Puits traditionnel,Non,Non,Hors du village,Communaute,Plus de 10 ans,17.98000000000,3.87006000000,Lobaye,Mbaïki,Mbaiki
Ouandago,Puits moderne,Oui,Oui,Hors du village,Communaute,Plus de 10 ans,18.84300000000,7.25565000000,Ouham,Kabo,Ouaki
Bria,Puits traditionnel,Oui,Non,Hors du village,Ecole,Moins de 10 ans,21.98870000000,6.54178000000,Haute-Kotto,Bria,Samba-Boungou
Kotiyo,Puits traditionnel,Non,,,Communaute,Plus de 10 ans,20.75610000000,5.82153000000,Ouaka,Bambari,Danga-Gboudou
Bria,Puits traditionnel,Oui,Non,,Ecole,Plus de 10 ans,21.99910000000,6.53214000000,Haute-Kotto,Bria,Samba-Boungou
Koyassi 1,Puits traditionnel,Non,,,Communaute,Moins de 5 ans,21.89860000000,6.54012000000,Haute-Kotto,Bria,Samba-Boungou
Koyassi 2,Puits traditionnel,Oui,,,Communaute,,21.87940000000,6.53654000000,Haute-Kotto,Bria,Samba-Boungou
Ngadja,Puits traditionnel,Oui,,,Communaute,Plus de 10 ans,21.93860000000,6.54848000000,Haute-Kotto,Bria,Samba-Boungou
Mbrepou,Puits traditionnel,Oui,,,Communaute,,20.77250000000,5.82585000000,Ouaka,Bambari,Danga-Gboudou
Ngoubi 3,Puits traditionnel,Oui,Non,Hors du village,Communaute,Moins de 10 ans,21.86460000000,6.53066000000,Haute-Kotto,Bria,Samba-Boungou
Ouandago 11,Puits moderne,Oui,Oui,Dans le village,Communaute,,18.83944400000,7.25472222000,Ouham,Kabo,Ouaki
Nguerengou,Puits traditionnel,Oui,Non,,Communaute,Plus de 10 ans,21.86540000000,7.23117000000,Haute-Kotto,Bria,Samba-Boungou
Ouandago 7,Puits moderne,Oui,Oui,Hors du village,Communaute,Plus de 10 ans,18.84277800000,7.25833333000,Ouham,Kabo,Ouaki
Pk 18 Ngoubi,Puits traditionnel,Oui,Non,,Communaute,Plus de 10 ans,21.85710000000,6.52795000000,Haute-Kotto,Bria,Samba-Boungou
Outa,Puits moderne,Non,Non,Hors du village,Communaute,Moins de 5 ans,18.90810000000,7.20716000000,Nana-Gribizi,Kaga-Bandoro,Nana-Outa
Yagoleka,Puits traditionnel,Oui,Non,Hors du village,Communaute,Moins de 10 ans,22.10000000000,6.51777000000,Haute-Kotto,Bria,Daba Nydou
Ndassima,Puits traditionnel,Oui,Non,Hors du village,Communaute,,20.79540000000,6.16055000000,Ouaka,Bambari,Danga-Gboudou
Yangoungba,Puits traditionnel,Oui,Non,Hors du village,Communaute,Plus de 10 ans,22.07680000000,6.52009000000,Haute-Kotto,Bria,Samba-Boungou
,Puits traditionnel,Oui,Non,Dans le village,Communaute,Plus de 10 ans,22.07680000000,6.52028000000,Haute-Kotto,Bria,Samba-Boungou
Ouadda,Puits traditionnel,Non,Non,,FOSA,Plus de 10 ans,22.39910000000,8.06529000000,Haute-Kotto,Ouadda,Ouadda
Patcho 1,Puits moderne,Non,Oui,Hors du village,Communaute,Moins de 5 ans,19.03150000000,7.11203000000,Nana-Gribizi,Kaga-Bandoro,Nana-Outa
Pounembale,Puits traditionnel,Oui,,,Hors du village,,20.84590000000,5.80472000000,Ouaka,Bambari,Danga-Gboudou
Gbassounou,Puits traditionnel,Non,Non,,Communaute,Moins de 5 ans,16.77880000000,4.48629000000,Mambéré-Kadéï,Carnot,Senkpa-Mbaéré
Bada-Ngana2,Puits traditionnel,Non,Non,Hors du village,Communaute,,21.54150000000,5.72825000000,Ouaka,Bambari,Haute Baïdou
Bangui-Banda,Puits moderne,Non,Non,Hors du village,Communaute,,21.64650000000,5.63420000000,Ouaka,Bambari,Haute Baïdou
Zando 1,Puits moderne,Oui,Non,,Communaute,,19.06080000000,7.10094000000,Nana-Gribizi,Kaga-Bandoro,Nana-Outa
Kamaye,Puits traditionnel,Oui,Non,Hors du village,Communaute,,21.40260000000,5.80062000000,Ouaka,Bambari,Haute Baïdou
Ngbandjawara,Puits traditionnel,Non,Non,Hors du village,Communaute,,21.43170000000,5.76512000000,Ouaka,Bambari,Haute Baïdou
Digui,Puits traditionnel,Oui,Non,,Communaute,,20.82990000000,5.47270000000,Ouaka,Bambari,Ngougbia
Banga 2,Puits moderne,Oui,Oui,,Communaute,Plus de 10 ans,19.28750000000,7.02343000000,Nana-Gribizi,Kaga-Bandoro,Grivaï-Pamia
Bouar,Puits moderne,Oui,Non,Dans le village,Communaute,Plus de 10 ans,15.86560000000,5.83061000000,Nana-Mambéré,Bouar,Doaka-Koursou
Kapabanga,Puits traditionnel,Oui,,,Communaute,,20.62380000000,5.74987000000,Ouaka,Bambari,Pladama-Ouaka
